,away,home,month,day,predicted.runs,bookie,predicted.run.rank,predicted.bookie.rank,the.bet,betting.opportunity
2,TEX,HOU,5,9,8.545838226224328,9.0,1.0,5.0,UNDER,4.0
9,CIN,OAK,5,9,9.849245036109073,8.5,5.0,2.0,OVER,3.0
1,CWS,CLE,5,9,9.881350619622003,9.0,6.0,5.0,OVER,1.0
5,SEA,NYY,5,9,9.792417699099767,9.0,4.0,5.0,UNDER,1.0
8,PIT,STL,5,9,9.760470899450471,8.5,3.0,2.0,OVER,1.0
0,MIA,CHC,5,9,10.429857303501299,10.0,8.0,8.0,OVER,0.0
6,ATL,ARI,5,9,8.681398045928823,8.5,2.0,2.0,OVER,0.0
7,SF,COL,5,9,10.38979935903728,9.5,7.0,7.0,OVER,0.0
