,away,home,month,day,predicted.runs,bookie,predicted.run.rank,predicted.bookie.rank,the.bet,betting.opportunity
9,CLE,DET,4,10,9.401656441779123,7.0,6.0,1.5,OVER,4.5
1,NYY,HOU,4,10,8.960525368259374,8.0,2.0,4.5,UNDER,2.5
10,SD,SF,4,10,9.086082296856036,8.0,3.0,4.5,UNDER,1.5
0,MIL,LAA,4,10,9.401473819070157,8.0,5.0,4.5,OVER,0.5
6,TEX,ARI,4,10,9.165109676563887,8.0,4.0,4.5,UNDER,0.5
11,MIN,NYM,4,10,8.791131917080484,7.0,1.0,1.5,UNDER,0.5
5,TB,CWS,4,10,9.845235208666791,8.5,7.0,7.0,OVER,0.0
