,away,home,month,day,predicted.runs,bookie,predicted.run.rank,predicted.bookie.rank,the.bet,betting.opportunity
1,MIA,PHI,4,25,10.698916631479227,7.5,7.0,2.5,OVER,4.5
5,DET,BOS,4,25,10.363656385763317,9.5,4.0,7.0,UNDER,3.0
6,NYY,LAA,4,25,9.71723550427054,8.0,2.0,4.0,UNDER,2.0
7,ARI,PIT,4,25,9.928658216091893,7.0,3.0,1.0,OVER,2.0
3,CLE,HOU,4,25,8.70353228540299,7.5,1.0,2.5,UNDER,1.5
0,LAD,CHC,4,25,10.658887486166511,8.5,6.0,5.0,OVER,1.0
2,ATL,CIN,4,25,10.544109774377153,9.0,5.0,6.0,UNDER,1.0
