,away,home,month,day,predicted.runs,bookie,predicted.run.rank,predicted.bookie.rank,the.bet,betting.opportunity
2,TEX,HOU,5,9,8.666209127032358,9.0,1.0,5.0,UNDER,4.0
7,SF,COL,5,9,10.762071859391309,9.0,8.0,5.0,OVER,3.0
8,PIT,STL,5,9,9.974420328766337,8.5,4.0,2.0,OVER,2.0
0,MIA,CHC,5,9,10.595285216470081,10.0,7.0,8.0,UNDER,1.0
5,SEA,NYY,5,9,10.214789386956122,9.5,6.0,7.0,UNDER,1.0
9,CIN,OAK,5,9,9.913045939430154,8.5,3.0,2.0,OVER,1.0
1,CWS,CLE,5,9,10.160082642733851,9.0,5.0,5.0,OVER,0.0
6,ATL,ARI,5,9,8.83490045955779,8.5,2.0,2.0,OVER,0.0
