,away,home,month,day,predicted.runs,bookie,predicted.run.rank,predicted.bookie.rank,the.bet,betting.opportunity
4,TEX,BOS,6,10,9.810895661021748,8.0,4.0,1.0,OVER,3.0
6,NYM,NYY,6,10,10.666058007650648,9.5,7.0,4.5,OVER,2.5
8,ARI,PHI,6,10,9.732857575938061,9.5,3.0,4.5,UNDER,1.5
0,STL,MIA,6,10,8.35058219225913,8.5,1.0,2.0,UNDER,1.0
1,LAD,LAA,6,10,9.153979408190045,9.0,2.0,3.0,UNDER,1.0
2,CHC,COL,6,10,10.082194456051216,11.0,6.0,7.0,UNDER,1.0
7,PIT,ATL,6,10,9.913525306277066,10.0,5.0,6.0,UNDER,1.0
