,away,home,month,day,predicted.runs,bookie,predicted.run.rank,predicted.bookie.rank,the.bet,betting.opportunity
3,SD,ARI,4,13,8.854732379065126,9.0,2.0,5.0,UNDER,3.0
10,DET,MIN,4,13,9.482377825323598,8.0,5.0,2.0,OVER,3.0
14,COL,SF,4,13,9.473405395453591,7.0,4.0,1.0,OVER,3.0
0,HOU,SEA,4,13,8.75553035066933,8.5,1.0,3.0,UNDER,2.0
2,PIT,WSH,4,13,9.427720829932232,9.0,3.0,5.0,UNDER,2.0
5,LAA,CHC,4,13,10.065021798659753,9.0,6.0,5.0,OVER,1.0
12,BAL,BOS,4,13,10.53908651105843,11.0,7.0,7.0,OVER,0.0
