,away,home,month,day,predicted.runs,bookie,predicted.run.rank,predicted.bookie.rank,the.bet,betting.opportunity
9,CLE,KC,4,12,9.963979203755176,7.5,5.0,1.5,OVER,3.5
6,LAA,CHC,4,12,10.024122818236824,10.5,6.0,8.0,UNDER,2.0
8,HOU,SEA,4,12,8.962337395399008,9.0,2.0,4.0,UNDER,2.0
10,PHI,MIA,4,12,8.459506431947482,8.5,1.0,3.0,UNDER,2.0
1,CWS,NYY,4,12,10.302270681396603,9.5,7.0,5.5,OVER,1.5
3,COL,SF,4,12,9.817153980252558,7.5,3.0,1.5,OVER,1.5
11,NYM,ATL,4,12,9.906329851098144,9.5,4.0,5.5,UNDER,1.5
0,BAL,BOS,4,12,10.490832301183353,10.0,8.0,7.0,OVER,1.0
12,OAK,TEX,4,12,10.73839465819927,11.0,9.0,9.0,OVER,0.0
