,away,home,month,day,predicted.runs,bookie,predicted.run.rank,predicted.bookie.rank,the.bet,betting.opportunity
5,WSH,NYM,5,23,9.019510215801924,565656565656.0,2.0,9.0,UNDER,7.0
2,NYY,BAL,5,23,9.800472077437233,56565656.0,8.0,2.0,OVER,6.0
9,TB,CLE,5,23,9.677221860193255,56565656.0,7.0,2.0,OVER,5.0
6,MIN,LAA,5,23,9.308927346076423,5656565656.0,4.0,7.0,UNDER,3.0
1,MIA,DET,5,23,10.065404218997267,5656565656.0,9.0,7.0,OVER,2.0
3,ATL,SF,5,23,9.189192946493874,656565656.0,3.0,5.0,UNDER,2.0
0,PHI,CHC,5,23,9.45936903178423,565565665.0,5.0,4.0,OVER,1.0
4,COL,PIT,5,23,9.649949256522792,5656565656.0,6.0,7.0,UNDER,1.0
8,CWS,HOU,5,23,8.336717684054562,56565656.0,1.0,2.0,UNDER,1.0
