,away,home,month,day,predicted.runs,bookie,predicted.run.rank,predicted.bookie.rank,the.bet,betting.opportunity
1,MIA,DET,5,23,9.966876330539929,2121212.0,9.0,1.5,OVER,7.5
8,CWS,HOU,5,23,8.294384062309625,21212121.0,1.0,7.0,UNDER,6.0
0,PHI,CHC,5,23,9.51476352680451,2121212.0,6.0,1.5,OVER,4.5
3,ATL,SF,5,23,9.229545712051209,21212121.0,3.0,7.0,UNDER,4.0
4,COL,PIT,5,23,9.50257302924813,21212121.0,5.0,7.0,UNDER,2.0
5,WSH,NYM,5,23,9.202772750744721,21212112.0,2.0,3.5,UNDER,1.5
9,TB,CLE,5,23,9.898467392756762,21212121.0,8.0,7.0,OVER,1.0
6,MIN,LAA,5,23,9.36896294813474,21212112.0,4.0,3.5,OVER,0.5
2,NYY,BAL,5,23,9.630363971474514,21212121.0,7.0,7.0,OVER,0.0
