,away,home,month,day,predicted.runs,bookie,predicted.run.rank,predicted.bookie.rank,the.bet,betting.opportunity
4,STL,WSH,4,29,10.266921775483953,8.5,7.0,4.0,OVER,3.0
8,COL,MIL,4,29,9.46162985762835,9.0,4.0,7.0,UNDER,3.0
0,HOU,MIN,4,29,9.423874503311428,8.5,3.0,4.0,UNDER,1.0
3,OAK,BOS,4,29,10.457393800002832,9.0,8.0,7.0,OVER,1.0
5,SD,ATL,4,29,9.889564841222468,9.0,6.0,7.0,UNDER,1.0
6,BAL,CWS,4,29,9.795848265530843,8.5,5.0,4.0,OVER,1.0
1,CIN,NYM,4,29,8.713738116316458,7.5,1.0,1.5,UNDER,0.5
2,LAD,SF,4,29,9.097004896000096,7.5,2.0,1.5,OVER,0.5
