,away,home,month,day,predicted.runs,bookie,predicted.run.rank,predicted.bookie.rank,the.bet,betting.opportunity
4,TOR,BOS,4,9,11.186068447140277,8.0,9.0,2.5,OVER,6.5
6,OAK,BAL,4,9,10.28808645587424,9.5,4.0,8.0,UNDER,4.0
9,MIL,LAA,4,9,9.696748952627877,8.5,2.0,5.0,UNDER,3.0
12,ATL,COL,4,9,10.958082365006511,10.5,6.0,9.0,UNDER,3.0
5,WSH,PHI,4,9,10.893750422916758,8.0,5.0,2.5,OVER,2.5
2,MIA,CIN,4,9,10.95885692388078,8.5,7.0,5.0,OVER,2.0
3,TEX,ARI,4,9,9.712088103711391,8.5,3.0,5.0,UNDER,2.0
11,SEA,KC,4,9,11.182880963821475,9.0,8.0,7.0,OVER,1.0
8,SD,SF,4,9,9.307339081042734,7.5,1.0,1.0,OVER,0.0
