,away,home,month,day,predicted.runs,bookie,outcome,predicted.run.rank,predicted.bookie.rank,the.bet,betting.opportunity,game.result,bet.result
9,CLE,KC,4,12,9.96565877522214,7.5,9,5.0,1.5,OVER,3.5,OVER,100
6,LAA,CHC,4,12,9.97595789712587,10.5,6,6.0,8.0,UNDER,2.0,UNDER,100
8,HOU,SEA,4,12,8.841808455245268,9.0,16,2.0,4.0,UNDER,2.0,OVER,-100
10,PHI,MIA,4,12,8.547868067369603,8.5,10,1.0,3.0,UNDER,2.0,OVER,-100
1,CWS,NYY,4,12,10.330297388730106,9.5,15,7.0,5.5,OVER,1.5,OVER,100
3,COL,SF,4,12,9.777944332925095,7.5,5,3.0,1.5,OVER,1.5,UNDER,-100
11,NYM,ATL,4,12,9.956309418721236,9.5,8,4.0,5.5,UNDER,1.5,UNDER,100
0,BAL,BOS,4,12,10.40368629631477,10.0,10,8.0,7.0,OVER,1.0,PUSH,0
12,OAK,TEX,4,12,10.655434875652773,11.0,14,9.0,9.0,OVER,0.0,OVER,100
