,away,home,month,day,predicted.runs,bookie,outcome,predicted.run.rank,predicted.bookie.rank,the.bet,betting.opportunity,game.result,bet.result
2,HOU,OAK,4,17,9.42631696751728,9.0,3,3.0,8.5,UNDER,5.5,UNDER,100
11,TOR,MIN,4,17,10.66303783475378,8.5,5,9.0,5.0,OVER,4.0,UNDER,-100
3,NYM,PHI,4,17,10.363941747340586,8.5,5,8.0,5.0,OVER,3.0,UNDER,-100
8,PIT,DET,4,17,8.975284187027054,8.5,5,2.0,5.0,UNDER,3.0,UNDER,100
7,CIN,LAD,4,17,9.52377002298934,8.0,5,4.0,1.5,OVER,2.5,UNDER,-100
9,ARI,ATL,4,17,10.330976392107738,9.0,5,7.0,8.5,UNDER,1.5,UNDER,100
12,SF,WSH,4,17,10.2018976908191,8.5,15,6.0,5.0,OVER,1.0,OVER,100
13,CHC,MIA,4,17,8.921749337777854,8.0,6,1.0,1.5,UNDER,0.5,UNDER,100
1,LAA,TEX,4,17,10.925457319230452,10.5,9,10.0,10.0,OVER,0.0,UNDER,-100
4,KC,CWS,4,17,10.171055518430801,8.5,7,5.0,5.0,OVER,0.0,UNDER,-100
